[
  {
    "id": "f4fa6932-0f2f-4d03-92d9-1c147586f458",
    "username": "aaaa1234",
    "password": "$2b$10$4q9DwppGced7oSdt0mYRJe76.T4jlEyq4U49dRk3HAX6CER8k8CoW"
  },
  {
    "id": "66d739e9-2bc7-4ea3-bf49-11ed85219be8",
    "username": "bbbb1234",
    "password": "$2b$10$/ilRXZL0BU8U2pOGsaXI7ekzEUo93zuPHq831G4eXrAZIUhLLLLkC"
  },
  {
    "id": "53283ac9-b124-4234-9a6a-bdc3eefc6519",
    "username": "aaa13a21",
    "password": "$2b$10$GAouXkLi9nZIhfAZni8r8OPVaKlSLJSCW9TTurErlBXT/Ne/QwTbu"
  }
]